ISO3,DataId,Indicator,Value,Precision,DHS_CountryCode,CountryName,SurveyYear,SurveyId,IndicatorId,IndicatorOrder,IndicatorType,CharacteristicId,CharacteristicOrder,CharacteristicCategory,CharacteristicLabel,ByVariableId,ByVariableLabel,IsTotal,IsPreferred,SDRID,RegionId,SurveyYearLabel,SurveyType,DenominatorWeighted,DenominatorUnweighted,CILow,CIHigh,LevelRank
ZAF,567476,Antenatal care provider: Doctor,30,1,ZA,South Africa,1998,ZA1998DHS,RH_ANCP_W_DOC,83363010,I,1000,0,Total,Total,14001,Five years preceding the survey,1,0,RHANCPWDOC,1998,DHS,4122,4148,,,,
ZAF,205488,Antenatal care provider: Doctor,27.3,1,ZA,South Africa,1998,ZA1998DHS,RH_ANCP_W_DOC,83363010,I,1000,0,Total,Total,14002,Two years preceding the survey,1,1,RHANCPWDOC,1998,DHS,2010,2041,,,,
ZAF,751748,Antenatal care provider: Nurse/midwife,66.6,1,ZA,South Africa,1998,ZA1998DHS,RH_ANCP_W_NRS,83363020,I,1000,0,Total,Total,14000,Three years preceding the survey,1,0,RHANCPWNRS,1998,DHS,2871,2903,,,,
ZAF,567472,Antenatal care provider: Nurse/midwife,65,1,ZA,South Africa,1998,ZA1998DHS,RH_ANCP_W_NRS,83363020,I,1000,0,Total,Total,14001,Five years preceding the survey,1,0,RHANCPWNRS,1998,DHS,4122,4148,,,,
ZAF,205485,Antenatal care provider: Nurse/midwife,68.4,1,ZA,South Africa,1998,ZA1998DHS,RH_ANCP_W_NRS,83363020,I,1000,0,Total,Total,14002,Two years preceding the survey,1,1,RHANCPWNRS,1998,DHS,2010,2041,,,,
ZAF,751754,Antenatal care provider: Traditional birth attendant,0.1,1,ZA,South Africa,1998,ZA1998DHS,RH_ANCP_W_TBA,83363070,I,1000,0,Total,Total,14000,Three years preceding the survey,1,0,RHANCPWTBA,1998,DHS,2871,2903,,,,
ZAF,567471,Antenatal care provider: Traditional birth attendant,0.1,1,ZA,South Africa,1998,ZA1998DHS,RH_ANCP_W_TBA,83363070,I,1000,0,Total,Total,14001,Five years preceding the survey,1,0,RHANCPWTBA,1998,DHS,4122,4148,,,,
ZAF,205487,Antenatal care provider: Traditional birth attendant,0.1,1,ZA,South Africa,1998,ZA1998DHS,RH_ANCP_W_TBA,83363070,I,1000,0,Total,Total,14002,Two years preceding the survey,1,1,RHANCPWTBA,1998,DHS,2010,2041,,,,
ZAF,751752,Antenatal care provider: Other,0.6,1,ZA,South Africa,1998,ZA1998DHS,RH_ANCP_W_OTH,83363080,I,1000,0,Total,Total,14000,Three years preceding the survey,1,0,RHANCPWOTH,1998,DHS,2871,2903,,,,
ZAF,567479,Antenatal care provider: Other,0.7,1,ZA,South Africa,1998,ZA1998DHS,RH_ANCP_W_OTH,83363080,I,1000,0,Total,Total,14001,Five years preceding the survey,1,0,RHANCPWOTH,1998,DHS,4122,4148,,,,
ZAF,205489,Antenatal care provider: Other,0.7,1,ZA,South Africa,1998,ZA1998DHS,RH_ANCP_W_OTH,83363080,I,1000,0,Total,Total,14002,Two years preceding the survey,1,1,RHANCPWOTH,1998,DHS,2010,2041,,,,
ZAF,751749,Antenatal care provider: Missing,1.2,1,ZA,South Africa,1998,ZA1998DHS,RH_ANCP_W_MIS,83363090,S,1000,0,Total,Total,14000,Three years preceding the survey,1,0,RHANCPWMIS,1998,DHS,2871,2903,,,,
ZAF,567473,Antenatal care provider: Missing,1.1,1,ZA,South Africa,1998,ZA1998DHS,RH_ANCP_W_MIS,83363090,S,1000,0,Total,Total,14001,Five years preceding the survey,1,0,RHANCPWMIS,1998,DHS,4122,4148,,,,
ZAF,205491,Antenatal care provider: Missing,0.9,1,ZA,South Africa,1998,ZA1998DHS,RH_ANCP_W_MIS,83363090,S,1000,0,Total,Total,14002,Two years preceding the survey,1,1,RHANCPWMIS,1998,DHS,2010,2041,,,,
ZAF,751753,No antenatal care,2.9,1,ZA,South Africa,1998,ZA1998DHS,RH_ANCP_W_NON,83363100,I,1000,0,Total,Total,14000,Three years preceding the survey,1,0,RHANCPWNON,1998,DHS,2871,2903,,,,
ZAF,567480,No antenatal care,3.1,1,ZA,South Africa,1998,ZA1998DHS,RH_ANCP_W_NON,83363100,I,1000,0,Total,Total,14001,Five years preceding the survey,1,0,RHANCPWNON,1998,DHS,4122,4148,,,,
ZAF,205490,No antenatal care,2.7,1,ZA,South Africa,1998,ZA1998DHS,RH_ANCP_W_NON,83363100,I,1000,0,Total,Total,14002,Two years preceding the survey,1,1,RHANCPWNON,1998,DHS,2010,2041,,,,
ZAF,751750,Antenatal care: Total,100,1,ZA,South Africa,1998,ZA1998DHS,RH_ANCP_W_TOT,83363110,T,1000,0,Total,Total,14000,Three years preceding the survey,1,0,RHANCPWTOT,1998,DHS,2871,2903,,,,
ZAF,567474,Antenatal care: Total,100,1,ZA,South Africa,1998,ZA1998DHS,RH_ANCP_W_TOT,83363110,T,1000,0,Total,Total,14001,Five years preceding the survey,1,0,RHANCPWTOT,1998,DHS,4122,4148,,,,
ZAF,205497,Antenatal care: Total,100,1,ZA,South Africa,1998,ZA1998DHS,RH_ANCP_W_TOT,83363110,T,1000,0,Total,Total,14002,Two years preceding the survey,1,1,RHANCPWTOT,1998,DHS,2010,2041,,,,
ZAF,751767,Antenatal care from a skilled provider,95.1,1,ZA,South Africa,1998,ZA1998DHS,RH_ANCP_W_SKP,83363120,I,1000,0,Total,Total,14000,Three years preceding the survey,1,0,RHANCPWSKP,1998,DHS,2871,2903,,,,
ZAF,567475,Antenatal care from a skilled provider,95,1,ZA,South Africa,1998,ZA1998DHS,RH_ANCP_W_SKP,83363120,I,1000,0,Total,Total,14001,Five years preceding the survey,1,0,RHANCPWSKP,1998,DHS,4122,4148,,,,
ZAF,205486,Antenatal care from a skilled provider,95.7,1,ZA,South Africa,1998,ZA1998DHS,RH_ANCP_W_SKP,83363120,I,1000,0,Total,Total,14002,Two years preceding the survey,1,1,RHANCPWSKP,1998,DHS,2010,2041,,,,
ZAF,334590,Place of delivery: Public sector,76.5,1,ZA,South Africa,1998,ZA1998DHS,RH_DELP_C_PUB,83566010,I,1000,0,Total,Total,14000,Three years preceding the survey,1,0,RHDELPCPUB,1998,DHS,3072,3119,,,,
ZAF,302266,Place of delivery: Public sector,74.9,1,ZA,South Africa,1998,ZA1998DHS,RH_DELP_C_PUB,83566010,I,1000,0,Total,Total,14001,Five years preceding the survey,1,0,RHDELPCPUB,1998,DHS,4992,5066,,,,
ZAF,3816,Place of delivery: Public sector,77.6,1,ZA,South Africa,1998,ZA1998DHS,RH_DELP_C_PUB,83566010,I,1000,0,Total,Total,14002,Two years preceding the survey,1,1,RHDELPCPUB,1998,DHS,2081,2113,,,,
ZAF,334592,Place of delivery: Private sector,8,1,ZA,South Africa,1998,ZA1998DHS,RH_DELP_C_PRV,83566020,I,1000,0,Total,Total,14000,Three years preceding the survey,1,0,RHDELPCPRV,1998,DHS,3072,3119,,,,
ZAF,302262,Place of delivery: Private sector,8.5,1,ZA,South Africa,1998,ZA1998DHS,RH_DELP_C_PRV,83566020,I,1000,0,Total,Total,14001,Five years preceding the survey,1,0,RHDELPCPRV,1998,DHS,4992,5066,,,,
ZAF,3671,Place of delivery: Private sector,7.5,1,ZA,South Africa,1998,ZA1998DHS,RH_DELP_C_PRV,83566020,I,1000,0,Total,Total,14002,Two years preceding the survey,1,1,RHDELPCPRV,1998,DHS,2081,2113,,,,
ZAF,334593,Place of delivery: At home,13.8,1,ZA,South Africa,1998,ZA1998DHS,RH_DELP_C_HOM,83566030,I,1000,0,Total,Total,14000,Three years preceding the survey,1,0,RHDELPCHOM,1998,DHS,3072,3119,,,,
ZAF,302263,Place of delivery: At home,14.3,1,ZA,South Africa,1998,ZA1998DHS,RH_DELP_C_HOM,83566030,I,1000,0,Total,Total,14001,Five years preceding the survey,1,0,RHDELPCHOM,1998,DHS,4992,5066,,,,
ZAF,3672,Place of delivery: At home,13.5,1,ZA,South Africa,1998,ZA1998DHS,RH_DELP_C_HOM,83566030,I,1000,0,Total,Total,14002,Two years preceding the survey,1,1,RHDELPCHOM,1998,DHS,2081,2113,,,,
ZAF,334594,Place of delivery: Other,0.1,1,ZA,South Africa,1998,ZA1998DHS,RH_DELP_C_OTH,83566040,I,1000,0,Total,Total,14000,Three years preceding the survey,1,0,RHDELPCOTH,1998,DHS,3072,3119,,,,
ZAF,302264,Place of delivery: Other,0.2,1,ZA,South Africa,1998,ZA1998DHS,RH_DELP_C_OTH,83566040,I,1000,0,Total,Total,14001,Five years preceding the survey,1,0,RHDELPCOTH,1998,DHS,4992,5066,,,,
ZAF,3673,Place of delivery: Other,0.1,1,ZA,South Africa,1998,ZA1998DHS,RH_DELP_C_OTH,83566040,I,1000,0,Total,Total,14002,Two years preceding the survey,1,1,RHDELPCOTH,1998,DHS,2081,2113,,,,
ZAF,334595,Place of delivery: don't know or missing,1.6,1,ZA,South Africa,1998,ZA1998DHS,RH_DELP_C_DKM,83566050,S,1000,0,Total,Total,14000,Three years preceding the survey,1,0,RHDELPCDKM,1998,DHS,3072,3119,,,,
ZAF,302265,Place of delivery: don't know or missing,2.1,1,ZA,South Africa,1998,ZA1998DHS,RH_DELP_C_DKM,83566050,S,1000,0,Total,Total,14001,Five years preceding the survey,1,0,RHDELPCDKM,1998,DHS,4992,5066,,,,
ZAF,3674,Place of delivery: don't know or missing,1.2,1,ZA,South Africa,1998,ZA1998DHS,RH_DELP_C_DKM,83566050,S,1000,0,Total,Total,14002,Two years preceding the survey,1,1,RHDELPCDKM,1998,DHS,2081,2113,,,,
ZAF,334591,Place of delivery: Total,100,1,ZA,South Africa,1998,ZA1998DHS,RH_DELP_C_TOT,83566060,T,1000,0,Total,Total,14000,Three years preceding the survey,1,0,RHDELPCTOT,1998,DHS,3072,3119,,,,
ZAF,302267,Place of delivery: Total,100,1,ZA,South Africa,1998,ZA1998DHS,RH_DELP_C_TOT,83566060,T,1000,0,Total,Total,14001,Five years preceding the survey,1,0,RHDELPCTOT,1998,DHS,4992,5066,,,,
ZAF,3817,Place of delivery: Total,100,1,ZA,South Africa,1998,ZA1998DHS,RH_DELP_C_TOT,83566060,T,1000,0,Total,Total,14002,Two years preceding the survey,1,1,RHDELPCTOT,1998,DHS,2081,2113,,,,
ZAF,334596,Place of delivery: Health facility,84.5,1,ZA,South Africa,1998,ZA1998DHS,RH_DELP_C_DHF,83566070,I,1000,0,Total,Total,14000,Three years preceding the survey,1,0,RHDELPCDHF,1998,DHS,3072,3119,,,,
ZAF,302268,Place of delivery: Health facility,83.4,1,ZA,South Africa,1998,ZA1998DHS,RH_DELP_C_DHF,83566070,I,1000,0,Total,Total,14001,Five years preceding the survey,1,0,RHDELPCDHF,1998,DHS,4992,5066,,,,
ZAF,3675,Place of delivery: Health facility,85.2,1,ZA,South Africa,1998,ZA1998DHS,RH_DELP_C_DHF,83566070,I,1000,0,Total,Total,14002,Two years preceding the survey,1,1,RHDELPCDHF,1998,DHS,2081,2113,,,,
ZAF,508217,Assistance during delivery: Doctor,29.3,1,ZA,South Africa,1998,ZA1998DHS,RH_DELA_C_DOC,83606010,I,1000,0,Total,Total,14000,Three years preceding the survey,1,0,RHDELACDOC,1998,DHS,3072,3119,,,,
ZAF,413496,Assistance during delivery: Doctor,30,1,ZA,South Africa,1998,ZA1998DHS,RH_DELA_C_DOC,83606010,I,1000,0,Total,Total,14001,Five years preceding the survey,1,0,RHDELACDOC,1998,DHS,4992,5066,,,,
ZAF,15526,Assistance during delivery: Doctor,28.2,1,ZA,South Africa,1998,ZA1998DHS,RH_DELA_C_DOC,83606010,I,1000,0,Total,Total,14002,Two years preceding the survey,1,1,RHDELACDOC,1998,DHS,2081,2113,,,,
ZAF,508216,Assistance during delivery: Nurse/midwife,56.1,1,ZA,South Africa,1998,ZA1998DHS,RH_DELA_C_NRS,83606020,I,1000,0,Total,Total,14000,Three years preceding the survey,1,0,RHDELACNRS,1998,DHS,3072,3119,,,,
ZAF,413492,Assistance during delivery: Nurse/midwife,54.4,1,ZA,South Africa,1998,ZA1998DHS,RH_DELA_C_NRS,83606020,I,1000,0,Total,Total,14001,Five years preceding the survey,1,0,RHDELACNRS,1998,DHS,4992,5066,,,,
ZAF,15523,Assistance during delivery: Nurse/midwife,58.1,1,ZA,South Africa,1998,ZA1998DHS,RH_DELA_C_NRS,83606020,I,1000,0,Total,Total,14002,Two years preceding the survey,1,1,RHDELACNRS,1998,DHS,2081,2113,,,,
ZAF,508218,Assistance during delivery: Traditional birth attendant,1.4,1,ZA,South Africa,1998,ZA1998DHS,RH_DELA_C_TBA,83606060,I,1000,0,Total,Total,14000,Three years preceding the survey,1,0,RHDELACTBA,1998,DHS,3072,3119,,,,
ZAF,413498,Assistance during delivery: Traditional birth attendant,1.4,1,ZA,South Africa,1998,ZA1998DHS,RH_DELA_C_TBA,83606060,I,1000,0,Total,Total,14001,Five years preceding the survey,1,0,RHDELACTBA,1998,DHS,4992,5066,,,,
ZAF,15527,Assistance during delivery: Traditional birth attendant,1.2,1,ZA,South Africa,1998,ZA1998DHS,RH_DELA_C_TBA,83606060,I,1000,0,Total,Total,14002,Two years preceding the survey,1,1,RHDELACTBA,1998,DHS,2081,2113,,,,
ZAF,508214,Assistance during delivery: Relative or other,9.9,1,ZA,South Africa,1998,ZA1998DHS,RH_DELA_C_REL,83606070,I,1000,0,Total,Total,14000,Three years preceding the survey,1,0,RHDELACREL,1998,DHS,3072,3119,,,,
ZAF,413490,Assistance during delivery: Relative or other,10.5,1,ZA,South Africa,1998,ZA1998DHS,RH_DELA_C_REL,83606070,I,1000,0,Total,Total,14001,Five years preceding the survey,1,0,RHDELACREL,1998,DHS,4992,5066,,,,
ZAF,15524,Assistance during delivery: Relative or other,9.7,1,ZA,South Africa,1998,ZA1998DHS,RH_DELA_C_REL,83606070,I,1000,0,Total,Total,14002,Two years preceding the survey,1,1,RHDELACREL,1998,DHS,2081,2113,,,,
ZAF,508219,Assistance during delivery: No one,2.1,1,ZA,South Africa,1998,ZA1998DHS,RH_DELA_C_NON,83606080,I,1000,0,Total,Total,14000,Three years preceding the survey,1,0,RHDELACNON,1998,DHS,3072,3119,,,,
ZAF,413499,Assistance during delivery: No one,2.1,1,ZA,South Africa,1998,ZA1998DHS,RH_DELA_C_NON,83606080,I,1000,0,Total,Total,14001,Five years preceding the survey,1,0,RHDELACNON,1998,DHS,4992,5066,,,,
ZAF,15528,Assistance during delivery: No one,1.8,1,ZA,South Africa,1998,ZA1998DHS,RH_DELA_C_NON,83606080,I,1000,0,Total,Total,14002,Two years preceding the survey,1,1,RHDELACNON,1998,DHS,2081,2113,,,,
ZAF,508215,Assistance during delivery: don't know or missing,1.2,1,ZA,South Africa,1998,ZA1998DHS,RH_DELA_C_DKM,83606090,S,1000,0,Total,Total,14000,Three years preceding the survey,1,0,RHDELACDKM,1998,DHS,3072,3119,,,,
ZAF,413491,Assistance during delivery: don't know or missing,1.7,1,ZA,South Africa,1998,ZA1998DHS,RH_DELA_C_DKM,83606090,S,1000,0,Total,Total,14001,Five years preceding the survey,1,0,RHDELACDKM,1998,DHS,4992,5066,,,,
ZAF,15525,Assistance during delivery: don't know or missing,0.9,1,ZA,South Africa,1998,ZA1998DHS,RH_DELA_C_DKM,83606090,S,1000,0,Total,Total,14002,Two years preceding the survey,1,1,RHDELACDKM,1998,DHS,2081,2113,,,,
ZAF,508220,Assistance during delivery: Total,100,1,ZA,South Africa,1998,ZA1998DHS,RH_DELA_C_TOT,83606100,T,1000,0,Total,Total,14000,Three years preceding the survey,1,0,RHDELACTOT,1998,DHS,3072,3119,,,,
ZAF,413493,Assistance during delivery: Total,100,1,ZA,South Africa,1998,ZA1998DHS,RH_DELA_C_TOT,83606100,T,1000,0,Total,Total,14001,Five years preceding the survey,1,0,RHDELACTOT,1998,DHS,4992,5066,,,,
ZAF,15520,Assistance during delivery: Total,100,1,ZA,South Africa,1998,ZA1998DHS,RH_DELA_C_TOT,83606100,T,1000,0,Total,Total,14002,Two years preceding the survey,1,1,RHDELACTOT,1998,DHS,2081,2113,,,,
ZAF,508221,Assistance during delivery from a skilled provider,85.5,1,ZA,South Africa,1998,ZA1998DHS,RH_DELA_C_SKP,83606110,I,1000,0,Total,Total,14000,Three years preceding the survey,1,0,RHDELACSKP,1998,DHS,3072,3119,,,,
ZAF,413494,Assistance during delivery from a skilled provider,84.4,1,ZA,South Africa,1998,ZA1998DHS,RH_DELA_C_SKP,83606110,I,1000,0,Total,Total,14001,Five years preceding the survey,1,0,RHDELACSKP,1998,DHS,4992,5066,,,,
ZAF,15521,Assistance during delivery from a skilled provider,86.4,1,ZA,South Africa,1998,ZA1998DHS,RH_DELA_C_SKP,83606110,I,1000,0,Total,Total,14002,Two years preceding the survey,1,1,RHDELACSKP,1998,DHS,2081,2113,,,,
ZAF,508222,Delivery by cesarean section,15.4,1,ZA,South Africa,1998,ZA1998DHS,RH_DELA_C_CSC,83606120,I,1000,0,Total,Total,14000,Three years preceding the survey,1,0,RHDELACCSC,1998,DHS,3072,3119,,,,
ZAF,413495,Delivery by cesarean section,15.5,1,ZA,South Africa,1998,ZA1998DHS,RH_DELA_C_CSC,83606120,I,1000,0,Total,Total,14001,Five years preceding the survey,1,0,RHDELACCSC,1998,DHS,4992,5066,,,,
ZAF,15522,Delivery by cesarean section,15.1,1,ZA,South Africa,1998,ZA1998DHS,RH_DELA_C_CSC,83606120,I,1000,0,Total,Total,14002,Two years preceding the survey,1,1,RHDELACCSC,1998,DHS,2081,2113,,,,
ZAF,598577,Children with symptoms of ARI,21.9,1,ZA,South Africa,1998,ZA1998DHS,CH_ARIS_C_ARI,93966010,I,1000,0,Total,Total,14000,Three years preceding the survey,1,0,CHARISCARI,1998,DHS,2912,2958,,,,
ZAF,397915,Children with symptoms of ARI,19.3,1,ZA,South Africa,1998,ZA1998DHS,CH_ARIS_C_ARI,93966010,I,1000,0,Total,Total,14001,Five years preceding the survey,1,1,CHARISCARI,1998,DHS,4740,4797,,,,
ZAF,450750,Children with ARI for whom advice or treatment was sought,81.9,1,ZA,South Africa,1998,ZA1998DHS,CH_ARIS_C_ADV,93966040,I,1000,0,Total,Total,14000,Three years preceding the survey,1,0,CHARISCADV,1998,DHS,637,607,,,,
ZAF,665172,Children with ARI for whom advice or treatment was sought,78.2,1,ZA,South Africa,1998,ZA1998DHS,CH_ARIS_C_ADV,93966040,I,1000,0,Total,Total,14001,Five years preceding the survey,1,1,CHARISCADV,1998,DHS,913,862,,,,
ZAF,15037,Treatment of diarrhea: Advice or treatment was sought,62.1,1,ZA,South Africa,1998,ZA1998DHS,CH_DIAT_C_ADV,94096010,I,1000,0,Total,Total,14000,Three years preceding the survey,1,0,CHDIATCADV,1998,DHS,508,523,,,,
ZAF,607611,Treatment of diarrhea: Advice or treatment was sought,60.6,1,ZA,South Africa,1998,ZA1998DHS,CH_DIAT_C_ADV,94096010,I,1000,0,Total,Total,14001,Five years preceding the survey,1,1,CHDIATCADV,1998,DHS,627,634,,,,
ZAF,15031,Treatment of diarrhea: Oral rehydration solution (ORS),52.7,1,ZA,South Africa,1998,ZA1998DHS,CH_DIAT_C_ORS,94096020,I,1000,0,Total,Total,14000,Three years preceding the survey,1,0,CHDIATCORS,1998,DHS,508,523,,,,
ZAF,607606,Treatment of diarrhea: Oral rehydration solution (ORS),51.2,1,ZA,South Africa,1998,ZA1998DHS,CH_DIAT_C_ORS,94096020,I,1000,0,Total,Total,14001,Five years preceding the survey,1,1,CHDIATCORS,1998,DHS,627,634,,,,
ZAF,15032,Treatment of diarrhea: Recommended home fluids (RHF) at home,70.6,1,ZA,South Africa,1998,ZA1998DHS,CH_DIAT_C_RHF,94096030,I,1000,0,Total,Total,14000,Three years preceding the survey,1,0,CHDIATCRHF,1998,DHS,508,523,,,,
ZAF,607607,Treatment of diarrhea: Recommended home fluids (RHF) at home,68.6,1,ZA,South Africa,1998,ZA1998DHS,CH_DIAT_C_RHF,94096030,I,1000,0,Total,Total,14001,Five years preceding the survey,1,1,CHDIATCRHF,1998,DHS,627,634,,,,
ZAF,15033,Treatment of diarrhea: Either ORS or RHF,83.1,1,ZA,South Africa,1998,ZA1998DHS,CH_DIAT_C_ORT,94096040,I,1000,0,Total,Total,14000,Three years preceding the survey,1,0,CHDIATCORT,1998,DHS,508,523,,,,
ZAF,607608,Treatment of diarrhea: Either ORS or RHF,81,1,ZA,South Africa,1998,ZA1998DHS,CH_DIAT_C_ORT,94096040,I,1000,0,Total,Total,14001,Five years preceding the survey,1,1,CHDIATCORT,1998,DHS,627,634,,,,
ZAF,15034,Treatment of diarrhea: Increased fluids,56.6,1,ZA,South Africa,1998,ZA1998DHS,CH_DIAT_C_INC,94096050,I,1000,0,Total,Total,14000,Three years preceding the survey,1,0,CHDIATCINC,1998,DHS,508,523,,,,
ZAF,607609,Treatment of diarrhea: Increased fluids,57.1,1,ZA,South Africa,1998,ZA1998DHS,CH_DIAT_C_INC,94096050,I,1000,0,Total,Total,14001,Five years preceding the survey,1,1,CHDIATCINC,1998,DHS,627,634,,,,
ZAF,15035,Treatment of diarrhea: ORT or increased fluids,90.2,1,ZA,South Africa,1998,ZA1998DHS,CH_DIAT_C_ORI,94096060,I,1000,0,Total,Total,14000,Three years preceding the survey,1,0,CHDIATCORI,1998,DHS,508,523,,,,
ZAF,607610,Treatment of diarrhea: ORT or increased fluids,89.1,1,ZA,South Africa,1998,ZA1998DHS,CH_DIAT_C_ORI,94096060,I,1000,0,Total,Total,14001,Five years preceding the survey,1,1,CHDIATCORI,1998,DHS,627,634,,,,
ZAF,15036,"Treatment of diarrhea: No ORS, RHF or increased fluids",9.8,1,ZA,South Africa,1998,ZA1998DHS,CH_DIAT_C_NON,94096070,I,1000,0,Total,Total,14000,Three years preceding the survey,1,0,CHDIATCNON,1998,DHS,508,523,,,,
ZAF,607614,"Treatment of diarrhea: No ORS, RHF or increased fluids",10.9,1,ZA,South Africa,1998,ZA1998DHS,CH_DIAT_C_NON,94096070,I,1000,0,Total,Total,14001,Five years preceding the survey,1,1,CHDIATCNON,1998,DHS,627,634,,,,
ZAF,15039,Treatment of diarrhea: Intravenous solution,0.5,1,ZA,South Africa,1998,ZA1998DHS,CH_DIAT_C_IVS,94096110,I,1000,0,Total,Total,14000,Three years preceding the survey,1,0,CHDIATCIVS,1998,DHS,508,523,,,,
ZAF,607615,Treatment of diarrhea: Intravenous solution,0.4,1,ZA,South Africa,1998,ZA1998DHS,CH_DIAT_C_IVS,94096110,I,1000,0,Total,Total,14001,Five years preceding the survey,1,1,CHDIATCIVS,1998,DHS,627,634,,,,
ZAF,15040,Treatment of diarrhea: Home remedy - other,87.6,1,ZA,South Africa,1998,ZA1998DHS,CH_DIAT_C_HOM,94096130,I,1000,0,Total,Total,14000,Three years preceding the survey,1,0,CHDIATCHOM,1998,DHS,508,523,,,,
ZAF,607617,Treatment of diarrhea: Home remedy - other,86.3,1,ZA,South Africa,1998,ZA1998DHS,CH_DIAT_C_HOM,94096130,I,1000,0,Total,Total,14001,Five years preceding the survey,1,1,CHDIATCHOM,1998,DHS,627,634,,,,
ZAF,15041,Treatment of diarrhea: No treatment,0.6,1,ZA,South Africa,1998,ZA1998DHS,CH_DIAT_C_NOT,94096140,I,1000,0,Total,Total,14000,Three years preceding the survey,1,0,CHDIATCNOT,1998,DHS,508,523,,,,
ZAF,607618,Treatment of diarrhea: No treatment,0.5,1,ZA,South Africa,1998,ZA1998DHS,CH_DIAT_C_NOT,94096140,I,1000,0,Total,Total,14001,Five years preceding the survey,1,1,CHDIATCNOT,1998,DHS,627,634,,,,
ZAF,15038,Treatment of diarrhea: don't know or missing,0.9,1,ZA,South Africa,1998,ZA1998DHS,CH_DIAT_C_DKM,94096150,S,1000,0,Total,Total,14000,Three years preceding the survey,1,0,CHDIATCDKM,1998,DHS,508,523,,,,
ZAF,607612,Treatment of diarrhea: don't know or missing,1.7,1,ZA,South Africa,1998,ZA1998DHS,CH_DIAT_C_DKM,94096150,S,1000,0,Total,Total,14001,Five years preceding the survey,1,1,CHDIATCDKM,1998,DHS,627,634,,,,
ZAF,157227,Antenatal care provider: Doctor,17.1,1,ZA,South Africa,2016,ZA2016DHS,RH_ANCP_W_DOC,83363010,I,1000,0,Total,Total,14000,Three years preceding the survey,1,0,RHANCPWDOC,2016,DHS,1962,1977,,,,
ZAF,653702,Antenatal care provider: Doctor,17.1,1,ZA,South Africa,2016,ZA2016DHS,RH_ANCP_W_DOC,83363010,I,1000,0,Total,Total,14001,Five years preceding the survey,1,0,RHANCPWDOC,2016,DHS,3036,3036,,,,
ZAF,157234,Antenatal care provider: Doctor,16.1,1,ZA,South Africa,2016,ZA2016DHS,RH_ANCP_W_DOC,83363010,I,1000,0,Total,Total,14002,Two years preceding the survey,1,1,RHANCPWDOC,2016,DHS,1386,1376,,,,
ZAF,157230,Antenatal care provider: Nurse/midwife,76.8,1,ZA,South Africa,2016,ZA2016DHS,RH_ANCP_W_NRS,83363020,I,1000,0,Total,Total,14000,Three years preceding the survey,1,0,RHANCPWNRS,2016,DHS,1962,1977,,,,
ZAF,653707,Antenatal care provider: Nurse/midwife,76.6,1,ZA,South Africa,2016,ZA2016DHS,RH_ANCP_W_NRS,83363020,I,1000,0,Total,Total,14001,Five years preceding the survey,1,0,RHANCPWNRS,2016,DHS,3036,3036,,,,
ZAF,157238,Antenatal care provider: Nurse/midwife,77,1,ZA,South Africa,2016,ZA2016DHS,RH_ANCP_W_NRS,83363020,I,1000,0,Total,Total,14002,Two years preceding the survey,1,1,RHANCPWNRS,2016,DHS,1386,1376,,,,
ZAF,157228,Antenatal care provider: Other,0.6,1,ZA,South Africa,2016,ZA2016DHS,RH_ANCP_W_OTH,83363080,I,1000,0,Total,Total,14000,Three years preceding the survey,1,0,RHANCPWOTH,2016,DHS,1962,1977,,,,
ZAF,653704,Antenatal care provider: Other,0.6,1,ZA,South Africa,2016,ZA2016DHS,RH_ANCP_W_OTH,83363080,I,1000,0,Total,Total,14001,Five years preceding the survey,1,0,RHANCPWOTH,2016,DHS,3036,3036,,,,
ZAF,157235,Antenatal care provider: Other,0.5,1,ZA,South Africa,2016,ZA2016DHS,RH_ANCP_W_OTH,83363080,I,1000,0,Total,Total,14002,Two years preceding the survey,1,1,RHANCPWOTH,2016,DHS,1386,1376,,,,
ZAF,157229,No antenatal care,5.5,1,ZA,South Africa,2016,ZA2016DHS,RH_ANCP_W_NON,83363100,I,1000,0,Total,Total,14000,Three years preceding the survey,1,0,RHANCPWNON,2016,DHS,1962,1977,,,,
ZAF,653705,No antenatal care,5.7,1,ZA,South Africa,2016,ZA2016DHS,RH_ANCP_W_NON,83363100,I,1000,0,Total,Total,14001,Five years preceding the survey,1,0,RHANCPWNON,2016,DHS,3036,3036,,,,
ZAF,157236,No antenatal care,6.5,1,ZA,South Africa,2016,ZA2016DHS,RH_ANCP_W_NON,83363100,I,1000,0,Total,Total,14002,Two years preceding the survey,1,1,RHANCPWNON,2016,DHS,1386,1376,,,,
ZAF,157232,Antenatal care: Total,100,1,ZA,South Africa,2016,ZA2016DHS,RH_ANCP_W_TOT,83363110,T,1000,0,Total,Total,14000,Three years preceding the survey,1,0,RHANCPWTOT,2016,DHS,1962,1977,,,,
ZAF,653708,Antenatal care: Total,100,1,ZA,South Africa,2016,ZA2016DHS,RH_ANCP_W_TOT,83363110,T,1000,0,Total,Total,14001,Five years preceding the survey,1,0,RHANCPWTOT,2016,DHS,3036,3036,,,,
ZAF,157239,Antenatal care: Total,100,1,ZA,South Africa,2016,ZA2016DHS,RH_ANCP_W_TOT,83363110,T,1000,0,Total,Total,14002,Two years preceding the survey,1,1,RHANCPWTOT,2016,DHS,1386,1376,,,,
ZAF,157226,Antenatal care from a skilled provider,93.9,1,ZA,South Africa,2016,ZA2016DHS,RH_ANCP_W_SKP,83363120,I,1000,0,Total,Total,14000,Three years preceding the survey,1,0,RHANCPWSKP,2016,DHS,1962,1977,,,,
ZAF,653706,Antenatal care from a skilled provider,93.7,1,ZA,South Africa,2016,ZA2016DHS,RH_ANCP_W_SKP,83363120,I,1000,0,Total,Total,14001,Five years preceding the survey,1,0,RHANCPWSKP,2016,DHS,3036,3036,,,,
ZAF,157233,Antenatal care from a skilled provider,93.1,1,ZA,South Africa,2016,ZA2016DHS,RH_ANCP_W_SKP,83363120,I,1000,0,Total,Total,14002,Two years preceding the survey,1,1,RHANCPWSKP,2016,DHS,1386,1376,,,,
ZAF,157346,Place of delivery: Public sector,88.3,1,ZA,South Africa,2016,ZA2016DHS,RH_DELP_C_PUB,83566010,I,1000,0,Total,Total,14000,Three years preceding the survey,1,0,RHDELPCPUB,2016,DHS,2091,2105,,,,
ZAF,157314,Place of delivery: Public sector,87.4,1,ZA,South Africa,2016,ZA2016DHS,RH_DELP_C_PUB,83566010,I,1000,0,Total,Total,14001,Five years preceding the survey,1,0,RHDELPCPUB,2016,DHS,3572,3548,,,,
ZAF,463685,Place of delivery: Public sector,88.4,1,ZA,South Africa,2016,ZA2016DHS,RH_DELP_C_PUB,83566010,I,1000,0,Total,Total,14002,Two years preceding the survey,1,1,RHDELPCPUB,2016,DHS,1414,1406,,,,
ZAF,157339,Place of delivery: Private sector,7.7,1,ZA,South Africa,2016,ZA2016DHS,RH_DELP_C_PRV,83566020,I,1000,0,Total,Total,14000,Three years preceding the survey,1,0,RHDELPCPRV,2016,DHS,2091,2105,,,,
ZAF,157315,Place of delivery: Private sector,8.5,1,ZA,South Africa,2016,ZA2016DHS,RH_DELP_C_PRV,83566020,I,1000,0,Total,Total,14001,Five years preceding the survey,1,0,RHDELPCPRV,2016,DHS,3572,3548,,,,
ZAF,463682,Place of delivery: Private sector,7.7,1,ZA,South Africa,2016,ZA2016DHS,RH_DELP_C_PRV,83566020,I,1000,0,Total,Total,14002,Two years preceding the survey,1,1,RHDELPCPRV,2016,DHS,1414,1406,,,,
ZAF,157340,Place of delivery: At home,3.6,1,ZA,South Africa,2016,ZA2016DHS,RH_DELP_C_HOM,83566030,I,1000,0,Total,Total,14000,Three years preceding the survey,1,0,RHDELPCHOM,2016,DHS,2091,2105,,,,
ZAF,157316,Place of delivery: At home,3.7,1,ZA,South Africa,2016,ZA2016DHS,RH_DELP_C_HOM,83566030,I,1000,0,Total,Total,14001,Five years preceding the survey,1,0,RHDELPCHOM,2016,DHS,3572,3548,,,,
ZAF,463683,Place of delivery: At home,3.4,1,ZA,South Africa,2016,ZA2016DHS,RH_DELP_C_HOM,83566030,I,1000,0,Total,Total,14002,Two years preceding the survey,1,1,RHDELPCHOM,2016,DHS,1414,1406,,,,
ZAF,157341,Place of delivery: Other,0.3,1,ZA,South Africa,2016,ZA2016DHS,RH_DELP_C_OTH,83566040,I,1000,0,Total,Total,14000,Three years preceding the survey,1,0,RHDELPCOTH,2016,DHS,2091,2105,,,,
ZAF,157317,Place of delivery: Other,0.4,1,ZA,South Africa,2016,ZA2016DHS,RH_DELP_C_OTH,83566040,I,1000,0,Total,Total,14001,Five years preceding the survey,1,0,RHDELPCOTH,2016,DHS,3572,3548,,,,
ZAF,463684,Place of delivery: Other,0.5,1,ZA,South Africa,2016,ZA2016DHS,RH_DELP_C_OTH,83566040,I,1000,0,Total,Total,14002,Two years preceding the survey,1,1,RHDELPCOTH,2016,DHS,1414,1406,,,,
ZAF,157347,Place of delivery: Total,100,1,ZA,South Africa,2016,ZA2016DHS,RH_DELP_C_TOT,83566060,T,1000,0,Total,Total,14000,Three years preceding the survey,1,0,RHDELPCTOT,2016,DHS,2091,2105,,,,
ZAF,157337,Place of delivery: Total,100,1,ZA,South Africa,2016,ZA2016DHS,RH_DELP_C_TOT,83566060,T,1000,0,Total,Total,14001,Five years preceding the survey,1,0,RHDELPCTOT,2016,DHS,3572,3548,,,,
ZAF,463686,Place of delivery: Total,100,1,ZA,South Africa,2016,ZA2016DHS,RH_DELP_C_TOT,83566060,T,1000,0,Total,Total,14002,Two years preceding the survey,1,1,RHDELPCTOT,2016,DHS,1414,1406,,,,
ZAF,157345,Place of delivery: Health facility,96,1,ZA,South Africa,2016,ZA2016DHS,RH_DELP_C_DHF,83566070,I,1000,0,Total,Total,14000,Three years preceding the survey,1,0,RHDELPCDHF,2016,DHS,2091,2105,,,,
ZAF,157336,Place of delivery: Health facility,95.9,1,ZA,South Africa,2016,ZA2016DHS,RH_DELP_C_DHF,83566070,I,1000,0,Total,Total,14001,Five years preceding the survey,1,0,RHDELPCDHF,2016,DHS,3572,3548,,,,
ZAF,463689,Place of delivery: Health facility,96.1,1,ZA,South Africa,2016,ZA2016DHS,RH_DELP_C_DHF,83566070,I,1000,0,Total,Total,14002,Two years preceding the survey,1,1,RHDELPCDHF,2016,DHS,1414,1406,,,,
ZAF,663099,Assistance during delivery: Doctor,29.1,1,ZA,South Africa,2016,ZA2016DHS,RH_DELA_C_DOC,83606010,I,1000,0,Total,Total,14000,Three years preceding the survey,1,0,RHDELACDOC,2016,DHS,2091,2105,,,,
ZAF,373334,Assistance during delivery: Doctor,28.7,1,ZA,South Africa,2016,ZA2016DHS,RH_DELA_C_DOC,83606010,I,1000,0,Total,Total,14001,Five years preceding the survey,1,0,RHDELACDOC,2016,DHS,3572,3548,,,,
ZAF,473060,Assistance during delivery: Doctor,29.5,1,ZA,South Africa,2016,ZA2016DHS,RH_DELA_C_DOC,83606010,I,1000,0,Total,Total,14002,Two years preceding the survey,1,1,RHDELACDOC,2016,DHS,1414,1406,,,,
ZAF,663098,Assistance during delivery: Nurse/midwife,67.6,1,ZA,South Africa,2016,ZA2016DHS,RH_DELA_C_NRS,83606020,I,1000,0,Total,Total,14000,Three years preceding the survey,1,0,RHDELACNRS,2016,DHS,2091,2105,,,,
ZAF,373337,Assistance during delivery: Nurse/midwife,68,1,ZA,South Africa,2016,ZA2016DHS,RH_DELA_C_NRS,83606020,I,1000,0,Total,Total,14001,Five years preceding the survey,1,0,RHDELACNRS,2016,DHS,3572,3548,,,,
ZAF,473024,Assistance during delivery: Nurse/midwife,67.6,1,ZA,South Africa,2016,ZA2016DHS,RH_DELA_C_NRS,83606020,I,1000,0,Total,Total,14002,Two years preceding the survey,1,1,RHDELACNRS,2016,DHS,1414,1406,,,,
ZAF,663100,Assistance during delivery: Traditional birth attendant,0.2,1,ZA,South Africa,2016,ZA2016DHS,RH_DELA_C_TBA,83606060,I,1000,0,Total,Total,14000,Three years preceding the survey,1,0,RHDELACTBA,2016,DHS,2091,2105,,,,
ZAF,373335,Assistance during delivery: Traditional birth attendant,0.1,1,ZA,South Africa,2016,ZA2016DHS,RH_DELA_C_TBA,83606060,I,1000,0,Total,Total,14001,Five years preceding the survey,1,0,RHDELACTBA,2016,DHS,3572,3548,,,,
ZAF,473061,Assistance during delivery: Traditional birth attendant,0.2,1,ZA,South Africa,2016,ZA2016DHS,RH_DELA_C_TBA,83606060,I,1000,0,Total,Total,14002,Two years preceding the survey,1,1,RHDELACTBA,2016,DHS,1414,1406,,,,
ZAF,663097,Assistance during delivery: Relative or other,1.6,1,ZA,South Africa,2016,ZA2016DHS,RH_DELA_C_REL,83606070,I,1000,0,Total,Total,14000,Three years preceding the survey,1,0,RHDELACREL,2016,DHS,2091,2105,,,,
ZAF,373332,Assistance during delivery: Relative or other,1.9,1,ZA,South Africa,2016,ZA2016DHS,RH_DELA_C_REL,83606070,I,1000,0,Total,Total,14001,Five years preceding the survey,1,0,RHDELACREL,2016,DHS,3572,3548,,,,
ZAF,473025,Assistance during delivery: Relative or other,1.8,1,ZA,South Africa,2016,ZA2016DHS,RH_DELA_C_REL,83606070,I,1000,0,Total,Total,14002,Two years preceding the survey,1,1,RHDELACREL,2016,DHS,1414,1406,,,,
ZAF,663103,Assistance during delivery: No one,1.5,1,ZA,South Africa,2016,ZA2016DHS,RH_DELA_C_NON,83606080,I,1000,0,Total,Total,14000,Three years preceding the survey,1,0,RHDELACNON,2016,DHS,2091,2105,,,,
ZAF,373336,Assistance during delivery: No one,1.2,1,ZA,South Africa,2016,ZA2016DHS,RH_DELA_C_NON,83606080,I,1000,0,Total,Total,14001,Five years preceding the survey,1,0,RHDELACNON,2016,DHS,3572,3548,,,,
ZAF,473062,Assistance during delivery: No one,0.9,1,ZA,South Africa,2016,ZA2016DHS,RH_DELA_C_NON,83606080,I,1000,0,Total,Total,14002,Two years preceding the survey,1,1,RHDELACNON,2016,DHS,1414,1406,,,,
ZAF,663102,Assistance during delivery: Total,100,1,ZA,South Africa,2016,ZA2016DHS,RH_DELA_C_TOT,83606100,T,1000,0,Total,Total,14000,Three years preceding the survey,1,0,RHDELACTOT,2016,DHS,2091,2105,,,,
ZAF,373328,Assistance during delivery: Total,100,1,ZA,South Africa,2016,ZA2016DHS,RH_DELA_C_TOT,83606100,T,1000,0,Total,Total,14001,Five years preceding the survey,1,0,RHDELACTOT,2016,DHS,3572,3548,,,,
ZAF,473019,Assistance during delivery: Total,100,1,ZA,South Africa,2016,ZA2016DHS,RH_DELA_C_TOT,83606100,T,1000,0,Total,Total,14002,Two years preceding the survey,1,1,RHDELACTOT,2016,DHS,1414,1406,,,,
ZAF,663104,Assistance during delivery from a skilled provider,96.7,1,ZA,South Africa,2016,ZA2016DHS,RH_DELA_C_SKP,83606110,I,1000,0,Total,Total,14000,Three years preceding the survey,1,0,RHDELACSKP,2016,DHS,2091,2105,,,,
ZAF,373329,Assistance during delivery from a skilled provider,96.7,1,ZA,South Africa,2016,ZA2016DHS,RH_DELA_C_SKP,83606110,I,1000,0,Total,Total,14001,Five years preceding the survey,1,0,RHDELACSKP,2016,DHS,3572,3548,,,,
ZAF,473020,Assistance during delivery from a skilled provider,97.1,1,ZA,South Africa,2016,ZA2016DHS,RH_DELA_C_SKP,83606110,I,1000,0,Total,Total,14002,Two years preceding the survey,1,1,RHDELACSKP,2016,DHS,1414,1406,,,,
ZAF,663105,Delivery by cesarean section,24.9,1,ZA,South Africa,2016,ZA2016DHS,RH_DELA_C_CSC,83606120,I,1000,0,Total,Total,14000,Three years preceding the survey,1,0,RHDELACCSC,2016,DHS,2091,2105,,,,
ZAF,373330,Delivery by cesarean section,24.2,1,ZA,South Africa,2016,ZA2016DHS,RH_DELA_C_CSC,83606120,I,1000,0,Total,Total,14001,Five years preceding the survey,1,0,RHDELACCSC,2016,DHS,3572,3548,,,,
ZAF,473021,Delivery by cesarean section,25.3,1,ZA,South Africa,2016,ZA2016DHS,RH_DELA_C_CSC,83606120,I,1000,0,Total,Total,14002,Two years preceding the survey,1,1,RHDELACCSC,2016,DHS,1414,1406,,,,
ZAF,550039,Children with symptoms of ARI,3.4,1,ZA,South Africa,2016,ZA2016DHS,CH_ARIS_C_ARI,93966010,I,1000,0,Total,Total,14000,Three years preceding the survey,1,0,CHARISCARI,2016,DHS,2025,2026,,,,
ZAF,520801,Children with symptoms of ARI,3.1,1,ZA,South Africa,2016,ZA2016DHS,CH_ARIS_C_ARI,93966010,I,1000,0,Total,Total,14001,Five years preceding the survey,1,1,CHARISCARI,2016,DHS,3444,3413,,,,
ZAF,628408,Children with ARI for whom advice or treatment was sought,96.9,1,ZA,South Africa,2016,ZA2016DHS,CH_ARIS_C_ADV,93966040,I,1000,0,Total,Total,14000,Three years preceding the survey,1,0,CHARISCADV,2016,DHS,68,59,,,,
ZAF,701545,Children with ARI for whom advice or treatment was sought,87.6,1,ZA,South Africa,2016,ZA2016DHS,CH_ARIS_C_ADV,93966040,I,1000,0,Total,Total,14001,Five years preceding the survey,1,1,CHARISCADV,2016,DHS,107,94,,,,
ZAF,628407,Children with symptoms of ARI who received antibiotics,46.7,1,ZA,South Africa,2016,ZA2016DHS,CH_ARIS_C_ABI,93966050,I,1000,0,Total,Total,14000,Three years preceding the survey,1,0,CHARISCABI,2016,DHS,68,59,,,,
ZAF,701543,Children with symptoms of ARI who received antibiotics,42,1,ZA,South Africa,2016,ZA2016DHS,CH_ARIS_C_ABI,93966050,I,1000,0,Total,Total,14001,Five years preceding the survey,1,1,CHARISCABI,2016,DHS,107,94,,,,
ZAF,149154,Children with fever for whom advice or treatment was sought,66.8,1,ZA,South Africa,2016,ZA2016DHS,CH_FEVT_C_ADV,94036010,I,1000,0,Total,Total,14000,Three years preceding the survey,1,0,CHFEVTCADV,2016,DHS,422,410,,,,
ZAF,653434,Children with fever for whom advice or treatment was sought,68.4,1,ZA,South Africa,2016,ZA2016DHS,CH_FEVT_C_ADV,94036010,I,1000,0,Total,Total,14001,Five years preceding the survey,1,1,CHFEVTCADV,2016,DHS,679,647,,,,
ZAF,149153,Child took antimalarial drugs for fever,0.2,1,ZA,South Africa,2016,ZA2016DHS,CH_FEVT_C_AML,94036020,I,1000,0,Total,Total,14000,Three years preceding the survey,1,0,CHFEVTCAML,2016,DHS,422,410,,,,
ZAF,653431,Child took antimalarial drugs for fever,0.5,1,ZA,South Africa,2016,ZA2016DHS,CH_FEVT_C_AML,94036020,I,1000,0,Total,Total,14001,Five years preceding the survey,1,1,CHFEVTCAML,2016,DHS,679,647,,,,
ZAF,149156,Child took antibiotic drugs for fever,29.2,1,ZA,South Africa,2016,ZA2016DHS,CH_FEVT_C_ABI,94036030,I,1000,0,Total,Total,14000,Three years preceding the survey,1,0,CHFEVTCABI,2016,DHS,422,410,,,,
ZAF,653433,Child took antibiotic drugs for fever,30.3,1,ZA,South Africa,2016,ZA2016DHS,CH_FEVT_C_ABI,94036030,I,1000,0,Total,Total,14001,Five years preceding the survey,1,1,CHFEVTCABI,2016,DHS,679,647,,,,
ZAF,707848,Treatment of diarrhea: Advice or treatment was sought,59.2,1,ZA,South Africa,2016,ZA2016DHS,CH_DIAT_C_ADV,94096010,I,1000,0,Total,Total,14000,Three years preceding the survey,1,0,CHDIATCADV,2016,DHS,246,256,,,,
ZAF,545833,Treatment of diarrhea: Advice or treatment was sought,63,1,ZA,South Africa,2016,ZA2016DHS,CH_DIAT_C_ADV,94096010,I,1000,0,Total,Total,14001,Five years preceding the survey,1,1,CHDIATCADV,2016,DHS,356,350,,,,
ZAF,707849,Treatment of diarrhea: Oral rehydration solution (ORS),46.5,1,ZA,South Africa,2016,ZA2016DHS,CH_DIAT_C_ORS,94096020,I,1000,0,Total,Total,14000,Three years preceding the survey,1,0,CHDIATCORS,2016,DHS,246,256,,,,
ZAF,545832,Treatment of diarrhea: Oral rehydration solution (ORS),51.4,1,ZA,South Africa,2016,ZA2016DHS,CH_DIAT_C_ORS,94096020,I,1000,0,Total,Total,14001,Five years preceding the survey,1,1,CHDIATCORS,2016,DHS,356,350,,,,
ZAF,707850,Treatment of diarrhea: Recommended home fluids (RHF) at home,67.2,1,ZA,South Africa,2016,ZA2016DHS,CH_DIAT_C_RHF,94096030,I,1000,0,Total,Total,14000,Three years preceding the survey,1,0,CHDIATCRHF,2016,DHS,246,256,,,,
ZAF,545838,Treatment of diarrhea: Recommended home fluids (RHF) at home,72.5,1,ZA,South Africa,2016,ZA2016DHS,CH_DIAT_C_RHF,94096030,I,1000,0,Total,Total,14001,Five years preceding the survey,1,1,CHDIATCRHF,2016,DHS,356,350,,,,
ZAF,707851,Treatment of diarrhea: Either ORS or RHF,75.4,1,ZA,South Africa,2016,ZA2016DHS,CH_DIAT_C_ORT,94096040,I,1000,0,Total,Total,14000,Three years preceding the survey,1,0,CHDIATCORT,2016,DHS,246,256,,,,
ZAF,545839,Treatment of diarrhea: Either ORS or RHF,80.5,1,ZA,South Africa,2016,ZA2016DHS,CH_DIAT_C_ORT,94096040,I,1000,0,Total,Total,14001,Five years preceding the survey,1,1,CHDIATCORT,2016,DHS,356,350,,,,
ZAF,707857,Treatment of diarrhea: Zinc supplements,33.7,1,ZA,South Africa,2016,ZA2016DHS,CH_DIAT_C_ZNC,94096044,I,1000,0,Total,Total,14000,Three years preceding the survey,1,0,CHDIATCZNC,2016,DHS,246,256,,,,
ZAF,545835,Treatment of diarrhea: Zinc supplements,36.8,1,ZA,South Africa,2016,ZA2016DHS,CH_DIAT_C_ZNC,94096044,I,1000,0,Total,Total,14001,Five years preceding the survey,1,1,CHDIATCZNC,2016,DHS,356,350,,,,
ZAF,707854,Treatment of diarrhea: Increased fluids,14.6,1,ZA,South Africa,2016,ZA2016DHS,CH_DIAT_C_INC,94096050,I,1000,0,Total,Total,14000,Three years preceding the survey,1,0,CHDIATCINC,2016,DHS,246,256,,,,
ZAF,545844,Treatment of diarrhea: Increased fluids,15,1,ZA,South Africa,2016,ZA2016DHS,CH_DIAT_C_INC,94096050,I,1000,0,Total,Total,14001,Five years preceding the survey,1,1,CHDIATCINC,2016,DHS,356,350,,,,
ZAF,707855,Treatment of diarrhea: ORT or increased fluids,79.2,1,ZA,South Africa,2016,ZA2016DHS,CH_DIAT_C_ORI,94096060,I,1000,0,Total,Total,14000,Three years preceding the survey,1,0,CHDIATCORI,2016,DHS,246,256,,,,
ZAF,545845,Treatment of diarrhea: ORT or increased fluids,83.3,1,ZA,South Africa,2016,ZA2016DHS,CH_DIAT_C_ORI,94096060,I,1000,0,Total,Total,14001,Five years preceding the survey,1,1,CHDIATCORI,2016,DHS,356,350,,,,
ZAF,707846,"Treatment of diarrhea: No ORS, RHF or increased fluids",20.8,1,ZA,South Africa,2016,ZA2016DHS,CH_DIAT_C_NON,94096070,I,1000,0,Total,Total,14000,Three years preceding the survey,1,0,CHDIATCNON,2016,DHS,246,256,,,,
ZAF,545847,"Treatment of diarrhea: No ORS, RHF or increased fluids",16.7,1,ZA,South Africa,2016,ZA2016DHS,CH_DIAT_C_NON,94096070,I,1000,0,Total,Total,14001,Five years preceding the survey,1,1,CHDIATCNON,2016,DHS,356,350,,,,
ZAF,707856,Treatment of diarrhea: Antibiotics,7.2,1,ZA,South Africa,2016,ZA2016DHS,CH_DIAT_C_ABI,94096080,I,1000,0,Total,Total,14000,Three years preceding the survey,1,0,CHDIATCABI,2016,DHS,246,256,,,,
ZAF,545834,Treatment of diarrhea: Antibiotics,10.6,1,ZA,South Africa,2016,ZA2016DHS,CH_DIAT_C_ABI,94096080,I,1000,0,Total,Total,14001,Five years preceding the survey,1,1,CHDIATCABI,2016,DHS,356,350,,,,
ZAF,707847,Treatment of diarrhea: Antimotility drugs,2.4,1,ZA,South Africa,2016,ZA2016DHS,CH_DIAT_C_AMO,94096090,I,1000,0,Total,Total,14000,Three years preceding the survey,1,0,CHDIATCAMO,2016,DHS,246,256,,,,
ZAF,545848,Treatment of diarrhea: Antimotility drugs,1.8,1,ZA,South Africa,2016,ZA2016DHS,CH_DIAT_C_AMO,94096090,I,1000,0,Total,Total,14001,Five years preceding the survey,1,1,CHDIATCAMO,2016,DHS,356,350,,,,
ZAF,707853,Treatment of diarrhea: Intravenous solution,0.2,1,ZA,South Africa,2016,ZA2016DHS,CH_DIAT_C_IVS,94096110,I,1000,0,Total,Total,14000,Three years preceding the survey,1,0,CHDIATCIVS,2016,DHS,246,256,,,,
ZAF,545836,Treatment of diarrhea: Intravenous solution,0.6,1,ZA,South Africa,2016,ZA2016DHS,CH_DIAT_C_IVS,94096110,I,1000,0,Total,Total,14001,Five years preceding the survey,1,1,CHDIATCIVS,2016,DHS,356,350,,,,
ZAF,707858,Treatment of diarrhea: Injection,0.5,1,ZA,South Africa,2016,ZA2016DHS,CH_DIAT_C_INJ,94096120,I,1000,0,Total,Total,14000,Three years preceding the survey,1,0,CHDIATCINJ,2016,DHS,246,256,,,,
ZAF,545837,Treatment of diarrhea: Injection,1.1,1,ZA,South Africa,2016,ZA2016DHS,CH_DIAT_C_INJ,94096120,I,1000,0,Total,Total,14001,Five years preceding the survey,1,1,CHDIATCINJ,2016,DHS,356,350,,,,
ZAF,707859,Treatment of diarrhea: Home remedy - other,9.1,1,ZA,South Africa,2016,ZA2016DHS,CH_DIAT_C_HOM,94096130,I,1000,0,Total,Total,14000,Three years preceding the survey,1,0,CHDIATCHOM,2016,DHS,246,256,,,,
ZAF,545840,Treatment of diarrhea: Home remedy - other,10.3,1,ZA,South Africa,2016,ZA2016DHS,CH_DIAT_C_HOM,94096130,I,1000,0,Total,Total,14001,Five years preceding the survey,1,1,CHDIATCHOM,2016,DHS,356,350,,,,
ZAF,707860,Treatment of diarrhea: No treatment,16.2,1,ZA,South Africa,2016,ZA2016DHS,CH_DIAT_C_NOT,94096140,I,1000,0,Total,Total,14000,Three years preceding the survey,1,0,CHDIATCNOT,2016,DHS,246,256,,,,
ZAF,545843,Treatment of diarrhea: No treatment,12.1,1,ZA,South Africa,2016,ZA2016DHS,CH_DIAT_C_NOT,94096140,I,1000,0,Total,Total,14001,Five years preceding the survey,1,1,CHDIATCNOT,2016,DHS,356,350,,,,
